id;syspk;organization_code;organization_short_name;organization_name;organization_type;organization_desc;sector_code;parent_org_code;organization_active_flag;created_by;updated_by;record_insert_time;create_time;update_time;start_date;end_date;organization_type_desc;jurisdiction_type
1;76449;Distributed Concrete;global Oregon bypassing;high-level Generic Steel Salad;transmitting;Engineer circuit;National Ergonomic Concrete Gloves;Extended;true;Small cross-platform Steel;Clothing Plastic program;2020-02-27T10:04:28;2020-02-27T01:37:53;2020-02-26T20:13:43;2020-02-27;2020-02-26;deposit Savings Account South Dakota;Agent Maine cultivate
2;18361;bandwidth Soft Metal;applications Digitized Awesome;Innovative SDD;payment North Carolina;Assistant system-worthy;Wooden Taiwan TCP;auxiliary;false;Program online Fork;Books system;2020-02-26T20:06:17;2020-02-26T22:07:55;2020-02-26T19:05:23;2020-02-27;2020-02-26;Metal Colorado Regional;hacking Communications Music
3;70998;Union United States of America transmit;Delaware firewall;Buckinghamshire matrix;Nevada 5th generation;invoice;Ameliorated Directives;Bacon grow;false;eco-centric;Technician Buckinghamshire Response;2020-02-27T06:13:33;2020-02-27T12:54:26;2020-02-27T04:04:20;2020-02-27;2020-02-26;Handcrafted Rubber Ball District;override Small Frozen Mouse Director
4;32218;Rustic;maroon;Fresh;holistic visualize Niue;AI;Moldova;Turkish Lira;false;Developer;Generic;2020-02-26T21:43:22;2020-02-27T03:21:00;2020-02-27T06:49:00;2020-02-27;2020-02-26;Functionality optimize Borders;pixel
5;39653;Summit;JBOD port;Investment Account Kentucky Toys;Lithuanian Litas;solution-oriented transmitting;methodologies bottom-line;Hawaii bandwidth;true;revolutionize Optimization Investment Account;connect Developer;2020-02-27T09:37:43;2020-02-27T12:20:34;2020-02-27T10:42:02;2020-02-27;2020-02-26;Singapore;Handcrafted
6;5173;Bridge Savings Account;e-enable Bridge;logistical;copy Optimization IB;Generic Analyst;incubate;invoice Serbian Dinar;false;Handmade Steel Cheese;Frozen program;2020-02-26T18:42:56;2020-02-26T16:27:47;2020-02-27T11:14:14;2020-02-27;2020-02-26;Auto Loan Account syndicate Dalasi;Jewelery
7;70121;parse;panel Multi-layered Savings Account;Checking Account index;Arkansas;Borders Principal;Saudi Arabia Developer;value-added;false;eyeballs Central African Republic New Mexico;indexing Function-based;2020-02-27T06:15:00;2020-02-27T05:06:43;2020-02-27T02:31:26;2020-02-27;2020-02-27;quantifying;Buckinghamshire integrate backing up
8;13052;Arizona Credit Card Account Metal;XML;calculate Fall leverage;grey;e-markets end-to-end Home Loan Account;Assistant Direct;actuating Netherlands Antillian Guilder;false;global Graphic Interface;Vermont Wyoming;2020-02-27T10:42:54;2020-02-26T23:55:27;2020-02-26T19:22:39;2020-02-27;2020-02-27;HTTP Metal;Hat
9;70401;reintermediate strategic Manor;Cotton;overriding Principal;executive;Mouse Trace Auto Loan Account;SQL quantify;channels Shirt District;true;Cotton;Finland feed;2020-02-27T04:35:01;2020-02-27T13:04:10;2020-02-26T18:03:18;2020-02-27;2020-02-26;Branding virtual;Chair pricing structure
10;17370;Wooden;harness;Soft;Cambridgeshire 4th generation;Functionality;Rubber Wooden;holistic Iowa;false;neutral convergence SCSI;Exclusive Berkshire;2020-02-26T17:09:25;2020-02-27T01:10:25;2020-02-27T12:02:32;2020-02-26;2020-02-26;Accountability e-commerce;Quality XSS
